<?xml version="1.0" encoding="UTF-8"?>
<project-private xmlns="http://www.netbeans.org/ns/project-private/1">
    <editor-bookmarks xmlns="http://www.netbeans.org/ns/editor-bookmarks/1"/>
    <editor-bookmarks xmlns="http://www.netbeans.org/ns/editor-bookmarks/2" lastBookmarkId="0"/>
    <open-files xmlns="http://www.netbeans.org/ns/projectui-open-files/2">
        <group>
            <file>file:/C:/Users/Owner/Desktop/MAJOR%20PRJECT/jobportalbansthali/jobportalbansthali/web/applycom.jsp</file>
            <file>file:/C:/Users/Owner/Desktop/MAJOR%20PRJECT/jobportalbansthali/jobportalbansthali/web/afterjobedit.jsp</file>
            <file>file:/C:/Users/Owner/Desktop/MAJOR%20PRJECT/jobportalbansthali/jobportalbansthali/web/aftergo.jsp</file>
            <file>file:/C:/Users/Owner/Desktop/MAJOR%20PRJECT/jobportalbansthali/jobportalbansthali/web/Grade.jsp</file>
            <file>file:/C:/Users/Owner/Desktop/MAJOR%20PRJECT/jobportalbansthali/jobportalbansthali/web/afteredit.jsp</file>
            <file>file:/C:/Users/Owner/Desktop/MAJOR%20PRJECT/jobportalbansthali/jobportalbansthali/web/aftergrade.jsp</file>
            <file>file:/C:/Users/Owner/Desktop/MAJOR%20PRJECT/jobportalbansthali/jobportalbansthali/web/afterfeedback.jsp</file>
            <file>file:/C:/Users/Owner/Desktop/MAJOR%20PRJECT/jobportalbansthali/jobportalbansthali/web/company.jsp</file>
            <file>file:/C:/Users/Owner/Desktop/MAJOR%20PRJECT/jobportalbansthali/jobportalbansthali/web/aftercmpnyreg.jsp</file>
            <file>file:/C:/Users/Owner/Desktop/MAJOR%20PRJECT/jobportalbansthali/jobportalbansthali/web/afterpost.jsp</file>
            <file>file:/C:/Users/Owner/Desktop/MAJOR%20PRJECT/jobportalbansthali/jobportalbansthali/web/aftercmpnyadd.jsp</file>
            <file>file:/C:/Users/Owner/Desktop/MAJOR%20PRJECT/jobportalbansthali/jobportalbansthali/web/afterforgot.jsp</file>
            <file>file:/C:/Users/Owner/Desktop/MAJOR%20PRJECT/jobportalbansthali/jobportalbansthali/web/Adminmenu.jsp</file>
            <file>file:/C:/Users/Owner/Desktop/MAJOR%20PRJECT/jobportalbansthali/jobportalbansthali/web/afterlogin.jsp</file>
            <file>file:/C:/Users/Owner/Desktop/MAJOR%20PRJECT/jobportalbansthali/jobportalbansthali/web/admincompanydetails.jsp</file>
            <file>file:/C:/Users/Owner/Desktop/MAJOR%20PRJECT/jobportalbansthali/jobportalbansthali/web/AdminCandidateDetails.jsp</file>
            <file>file:/C:/Users/Owner/Desktop/MAJOR%20PRJECT/jobportalbansthali/jobportalbansthali/web/aftercmpnyedit.jsp</file>
            <file>file:/C:/Users/Owner/Desktop/MAJOR%20PRJECT/jobportalbansthali/jobportalbansthali/web/aftercontact.jsp</file>
        </group>
    </open-files>
</project-private>
